{"mean":{"confidence_interval":{"confidence_level":0.95,"lower_bound":130.5239314148759,"upper_bound":131.74573640277515},"point_estimate":131.139929943501,"standard_error":0.31148569140995114},"median":{"confidence_interval":{"confidence_level":0.95,"lower_bound":130.45986126718338,"upper_bound":132.86144234384355},"point_estimate":131.4423877129007,"standard_error":0.6169581942053994},"median_abs_dev":{"confidence_interval":{"confidence_level":0.95,"lower_bound":2.6357253869234873,"upper_bound":4.74168148793831},"point_estimate":4.055130539899303,"standard_error":0.5428055642203644},"slope":{"confidence_interval":{"confidence_level":0.95,"lower_bound":131.9485366025586,"upper_bound":133.23300917990625},"point_estimate":132.61233328034828,"standard_error":0.32780943786967953},"std_dev":{"confidence_interval":{"confidence_level":0.95,"lower_bound":2.816785304267814,"upper_bound":3.370685203485881},"point_estimate":3.1164351240818813,"standard_error":0.14103426477452283}}